{
    "accuracy": 0.6,
    "precision": 0.6875,
    "recall": 0.6111111111111112,
    "f1": 0.6470588235294118
}
