{
    "accuracy": 0.6333333333333333,
    "precision": 0.7058823529411765,
    "recall": 0.6666666666666666,
    "f1": 0.6857142857142857
}
