{
    "accuracy": 0.5666666666666667,
    "precision": 0.6666666666666666,
    "recall": 0.5555555555555556,
    "f1": 0.606060606060606
}
